{
  "Meta-Llama-3.1-70B_RAG": {
    "bleu_1": 0.14998323221306734,
    "bleu_4": 0.020445057161108095,
    "rouge_1": 0.2344682750806917,
    "rouge_l": 0.13757331298619024,
    "bertscore": -0.06314139975382353
  },
  "Meta-Llama-3.1-70B_Vanilla": {
    "bleu_1": 0.2055943031460509,
    "bleu_4": 0.027592240915190244,
    "rouge_1": 0.3033757198227046,
    "rouge_l": 0.1501463476381134,
    "bertscore": -0.09286883560175524
  },
  "Meta-Llama-3.1-8B_RAG": {
    "bleu_1": 0.16277287899068743,
    "bleu_4": 0.017670313311870134,
    "rouge_1": 0.22464089280257535,
    "rouge_l": 0.12336270482691153,
    "bertscore": -0.20484628295019755
  },
  "Meta-Llama-3.1-8B_Vanilla": {
    "bleu_1": 0.20549717332363504,
    "bleu_4": 0.025429109786936938,
    "rouge_1": 0.30272383516729184,
    "rouge_l": 0.15053889630589667,
    "bertscore": -0.09103035908238298
  },
  "Mixtral-8x7B-Instruct-v0.1_RAG": {
    "bleu_1": 0.12358145803374626,
    "bleu_4": 0.020432440530494225,
    "rouge_1": 0.21705881453746673,
    "rouge_l": 0.1301938281466289,
    "bertscore": -0.06882913837428396
  },
  "Mixtral-8x7B-Instruct-v0.1_Vanilla": {
    "bleu_1": 0.21100484129966143,
    "bleu_4": 0.029909495012173513,
    "rouge_1": 0.3063480189391211,
    "rouge_l": 0.16216946276256802,
    "bertscore": -0.011288909703026493
  }
}